Category,Pull Date,Source,URL,Text
Data Science,01/23/20,Data Science Central,https://www.datasciencecentral.com/profiles/blogs/difference-of-data-science-machine-learning-and-data-mining,data science is an umbrella of several techniques that are used for extracting the information and the insights of data.
Data Science,01/23/20,Data Flair,https://data-flair.training/blogs/data-mining-and-data-science/,"Data Science is a pool of data operations that also involves Data Mining. A Data Scientist is required to perform multiple operations like analysis of data, development of predictive models, discovering hidden patterns"
Data Science,01/23/20,Data Science Graduate Programs,https://www.datasciencegraduateprograms.com/data-mining/ ,
Data Science,01/23/20,House of Bots,"https://www.houseofbots.com/news-detail/11973-1-clarifying-differences-between-data-analysis-data-mining-data-science-machine-learning,-and-big-data",Data Science is a broader field using various algorithms and processes to extract meaningful insights out of the unstructured and structured data.
Data Science,01/23/20,New Tech Dojo,https://www.newtechdojo.com/what-is-data-mining/,Data Science is Multidisciplinary. It is the Umbrella and Data Mining is one of its Components
Data Science,01/23/20,Edureka!,https://www.edureka.co/blog/what-is-data-science/,"Data Science is a blend of various tools, algorithms, and machine learning principles with the goal to discover hidden patterns from the raw data"
Data Science,01/23/20,Course Hero,https://www.coursehero.com/file/p5p65iv/What-is-Data-Science-Data-Science-is-a-blend-of-various-tools-algorithms-and/,"Data science is a ""concept to unify statistics, data analysis, machine learning and their related methods"" in order to ""understand and analyze actual phenomena"" with data."
Data Science,01/23/20,Medium,https://medium.com/tech-in-200-words/what-is-data-mining-understanding-in-200-words-cd6ddf4fcf11,
Data Science,01/23/20,Talend,https://www.talend.com/resources/what-is-data-science/,Data science is becoming a highly sought-after way to mine the data to uncover intelligence that will power data-driven businesses today
Data Science,01/23/20,Educba,https://www.educba.com/what-is-data-science/,Data Science is the process of applying scientific computations to extract meaningful insights from the billion and trillion bytes of data by using appropriate statistical methods
Data Science,01/23/20,Pinformatics,https://pinformatics.tamhsc.edu/phpm631/ppt/lec1_ds.pdf,"Data Science is collecting and refining information from many sources, analyzing and presenting the information in useful ways "
Data Science,01/23/20,365Careers,https://365careers.net/data-science-explained-predictive-modeling-data-mining-data-warehousing-querying/,Data science is a field that helps the user understand events or gain useful information simply by going through data and analyzing it
Data Science,01/23/20,Medium,https://becominghuman.ai/8-key-differences-between-data-science-and-data-mining-674f09599df2,"Data science is multidisciplinary which consists of data visualizations, social sciences, statistics, data mining, natural language processing"
Data Science,01/23/20,Micro Strategy,https://www.microstrategy.com/us/resources/introductory-guides/data-mining-explained,
